PlayerID,PlayerName,TeamName,TotalGoals,TournamentsScored,MatchesScored,RankGlobal
P-27787,Miroslav Klose,Germany,16,4,11,1
P-62722,Ronaldo,Brazil,15,3,11,2
P-72441,Gerd Müller,West Germany,14,2,9,3
P-14758,Lionel Messi,Argentina,13,4,11,4
P-77939,Just Fontaine,France,13,1,6,4
P-64077,Kylian Mbappé,France,12,2,7,6
P-38906,Pelé,Brazil,12,4,8,6
P-07028,Sándor Kocsis,Hungary,11,1,4,8
P-84542,Gabriel Batistuta,Argentina,10,3,6,9
P-96979,Teófilo Cubillas,Peru,10,2,6,9
P-28154,Thomas Müller,Germany,10,2,7,9
P-21597,Grzegorz Lato,Poland,10,3,8,9
P-36651,Gary Lineker,England,10,2,6,9
P-08136,Helmut Rahn,West Germany,10,2,8,9
P-77430,Jairzinho,Brazil,9,2,8,15
P-64138,Uwe Seeler,West Germany,9,4,9,15
P-78756,Roberto Baggio,Italy,9,3,7,15
P-49381,Ademir,Brazil,9,1,4,15
P-34670,Christian Vieri,Italy,9,2,7,15
P-74747,Eusébio,Portugal,9,1,5,15
P-91717,Paolo Rossi,Italy,9,2,6,15
P-45310,Vavá,Brazil,9,2,6,15
P-59574,Karl-Heinz Rummenigge,West Germany,9,3,6,15
P-49097,David Villa,Spain,9,3,7,15
P-70442,Cristiano Ronaldo,Portugal,8,5,6,25
P-74261,Rivaldo,Brazil,8,2,7,25
P-91373,Jürgen Klinsmann,Germany,8,2,7,25
P-56486,Guillermo Stábile,Argentina,8,1,4,25
P-87008,Neymar,Brazil,8,3,6,25
P-58924,Harry Kane,England,8,2,5,25
P-18523,Oscar Míguez,Uruguay,8,2,4,25
P-80404,Diego Maradona,Argentina,8,3,5,25
P-09730,Leônidas,Brazil,8,2,5,25
P-30486,Luis Suárez,Uruguay,7,3,5,34
P-89554,Johnny Rep,Netherlands,7,2,5,34
P-90635,Careca,Brazil,7,2,5,34
P-60513,Oldřich Nejedlý,Czechoslovakia,7,2,5,34
P-92867,Andrzej Szarmach,Poland,7,3,5,34
P-63184,Hans Schäfer,West Germany,7,2,6,34
P-82971,Lajos Tichy,Hungary,7,2,5,34
P-63266,Rob Rensenbrink,Netherlands,6,2,4,41
P-68671,Bebeto,Brazil,6,2,6,41
P-38556,Asamoah Gyan,Ghana,6,3,6,41
P-89034,György Sárosi,Hungary,6,2,5,41
P-35082,Mario Kempes,Argentina,6,1,3,41
P-04572,Rudi Völler,West Germany,6,2,5,41
P-23705,Arjen Robben,Netherlands,6,3,5,41
P-14406,Josef Hügi,Switzerland,6,1,3,41
P-75912,Enner Valencia,Ecuador,6,2,4,41
P-73354,Oleg Salenko,Russia,6,1,2,41
P-86087,Diego Forlán,Uruguay,6,2,5,41
P-05766,Max Morlock,West Germany,6,1,4,41
P-85257,Erich Probst,Austria,6,1,4,41
P-51336,Wesley Sneijder,Netherlands,6,2,5,41
P-12272,Helmut Haller,West Germany,6,1,4,41
P-85778,Rivellino,Brazil,6,2,6,41
P-51395,Thierry Henry,France,6,2,5,41
P-76544,Salvatore Schillaci,Italy,6,1,6,41
P-93884,Ivan Perišić,Croatia,6,3,6,41
P-22409,Dennis Bergkamp,Netherlands,6,2,6,41
P-81648,Hristo Stoichkov,Bulgaria,6,1,5,41
P-58374,Davor Šuker,Croatia,6,1,6,41
P-03652,Zbigniew Boniek,Poland,6,2,3,41
P-89392,James Rodríguez,Colombia,6,1,5,41
P-99934,Robin van Persie,Netherlands,6,3,5,41
P-29398,Gonzalo Higuaín,Argentina,5,2,3,66
P-25745,Mario Mandžukić,Croatia,5,2,4,66
P-05728,Landon Donovan,United States,5,2,5,66
P-65885,Silvio Piola,Italy,5,1,3,66
P-72864,Franz Beckenbauer,West Germany,5,2,4,66
P-36287,Lukas Podolski,Germany,5,2,4,66
P-42895,Henrik Larsson,Sweden,5,3,4,66
P-61251,Romário,Brazil,5,1,5,66
P-67652,Gyula Zsengellér,Hungary,5,1,3,66
P-18628,Pedro Cea,Uruguay,5,1,3,66
P-16991,Johan Neeskens,Netherlands,5,1,4,66
P-08939,Michel Platini,France,5,3,5,66
P-08514,Fernando Morientes,Spain,5,2,3,66
P-58080,Roger Milla,Cameroon,5,2,3,66
P-71260,Tomáš Skuhravý,Czechoslovakia,5,1,2,66
P-49502,Lothar Matthäus,West Germany,5,2,4,66
P-37483,Zico,Brazil,5,2,4,66
P-50534,Jon Dahl Tomasson,Denmark,5,2,4,66
P-52271,Hans Krankl,Austria,5,2,4,66
P-69659,Marc Wilmots,Belgium,5,2,4,66
P-12940,Emilio Butragueño,Spain,5,1,2,66
P-38873,Juan Alberto Schiaffino,Uruguay,5,2,4,66
P-77851,Peter McParland,Northern Ireland,5,1,3,66
P-56430,Zinedine Zidane,France,5,2,4,66
P-34802,Geoff Hurst,England,5,2,3,66
P-72637,Romelu Lukaku,Belgium,5,2,3,66
P-44926,Tim Cahill,Australia,5,3,4,66
P-39460,Xherdan Shaqiri,Switzerland,5,3,3,66
P-46080,Garrincha,Brazil,5,2,3,66
P-89750,Olivier Giroud,France,5,2,4,66
P-35246,Fernando Hierro,Spain,5,3,5,66
P-59138,Edinson Cavani,Uruguay,5,3,4,66
P-24556,Raúl,Spain,5,3,4,66
P-46574,Alessandro Altobelli,Italy,5,2,4,66
P-60371,Kennet Andersson,Sweden,5,1,4,66
P-11702,Valentin Ivanov,Soviet Union,5,2,4,66
P-99991,Dominique Rocheteau,France,4,3,3,102
P-19888,Hernán Crespo,Argentina,4,2,4,102
P-12676,Ferenc Puskás,Hungary,4,1,3,102
P-08601,Bobby Charlton,England,4,2,3,102
P-82516,Ferenc Bene,Hungary,4,1,4,102
P-20173,Kurt Hamrin,Sweden,4,1,3,102
P-01173,Nándor Hidegkuti,Hungary,4,1,3,102
P-02102,Anatoliy Byshovets,Soviet Union,4,1,2,102
P-45941,Luis Hernández,Mexico,4,1,3,102
P-48686,Paul Breitner,West Germany,4,2,4,102
P-19776,Julián Álvarez,Argentina,4,1,3,102
P-19591,Ahmed Musa,Nigeria,4,2,2,102
P-43675,Denis Cheryshev,Russia,4,1,3,102
P-69340,Florin Răducioiu,Romania,4,1,2,102
P-39318,Ralf Edström,Sweden,4,1,3,102
P-90496,Carlos Borges,Uruguay,4,1,2,102
P-38721,Igor Chislenko,Soviet Union,4,2,4,102
P-67713,Andreas Brehme,West Germany,4,2,4,102
P-61157,Daniel Bertoni,Argentina,4,2,4,102
P-82312,Agne Simonsson,Sweden,4,1,3,102
P-10855,Ihor Belanov,Soviet Union,4,1,2,102
P-18672,Clint Dempsey,United States,4,3,4,102
P-39251,Marcelo Salas,Chile,4,1,3,102
P-13828,Ernst Wilimowski,Poland,4,1,1,102
P-22224,Leonel Sánchez,Chile,4,1,3,102
P-53800,Valeriy Porkujan,Soviet Union,4,1,3,102
P-33175,Keisuke Honda,Japan,4,3,4,102
P-35873,Claudio Caniggia,Argentina,4,2,3,102
P-71720,Zdeněk Zikán,Czechoslovakia,4,1,3,102
P-56703,Angelo Schiavio,Italy,4,1,2,102
P-22428,Chico,Brazil,4,1,2,102
P-22480,Joe Jordan,Scotland,4,3,4,102
P-14764,Róbert Vittek,Slovakia,4,1,3,102
P-26281,Tomas Brolin,Sweden,4,2,4,102
P-55024,Dražan Jerković,Yugoslavia,4,1,3,102
P-29548,Kazimierz Deyna,Poland,4,2,4,102
P-63738,Robert Ballaman,Switzerland,4,1,3,102
P-84534,Oliver Bierhoff,Germany,4,2,4,102
P-04739,René Houseman,Argentina,4,2,4,102
P-63429,Martin Dahlin,Sweden,4,1,3,102
P-71954,Ottmar Walter,West Germany,4,1,3,102
P-77348,Edmund Conen,Germany,4,1,2,102
P-25456,Jan Ceulemans,Belgium,4,2,4,102
P-71973,Bert Patenaude,United States,4,1,2,102
P-16302,Alcides Ghiggia,Uruguay,4,1,4,102
P-90908,Antoine Griezmann,France,4,1,4,102
P-76066,Gino Colaussi,Italy,4,1,3,102
P-51130,Michael Owen,England,4,2,4,102
P-57982,Pauleta,Portugal,4,2,2,102
P-02464,Jorge Valdano,Argentina,4,1,3,102
P-21188,Flórián Albert,Hungary,4,1,2,102
P-65220,Telmo Zarra,Spain,4,1,4,102
P-26640,Leopoldo Luque,Argentina,4,1,3,102
P-71661,Fernando Torres,Spain,4,2,3,102
P-78605,Sócrates,Brazil,4,2,4,102
P-26928,Estanislau Basora,Spain,4,1,3,102
P-06498,Míchel,Spain,4,1,2,102
P-36502,Preben Elkjær,Denmark,4,1,2,102
P-36515,Javier Hernández,Mexico,4,3,4,102
P-94605,Raymond Kopa,France,4,2,4,102
P-85334,André Abegglen,Switzerland,4,2,3,102
P-42223,Wahbi Khazri,Tunisia,3,2,3,163
P-42113,Ángel Di María,Argentina,3,3,3,163
P-17754,Baltazar,Brazil,3,2,3,163
P-81234,Nat Lofthouse,England,3,1,2,163
P-88428,Cuauhtémoc Blanco,Mexico,3,3,3,163
P-30739,Gheorghe Hagi,Romania,3,1,3,163
P-88899,Nelson Cuevas,Paraguay,3,2,2,163
P-29274,Álvaro Morata,Spain,3,1,3,163
P-29080,Carlos Tevez,Argentina,3,2,2,163
P-88416,Leopold Kielholz,Switzerland,3,1,2,163
P-82183,Adolf Scherer,Czechoslovakia,3,1,2,163
P-88041,Sami Al-Jaber,Saudi Arabia,3,3,3,163
P-41133,İlhan Mansız,Turkey,3,1,2,163
P-74389,Dušan Bajević,Yugoslavia,3,1,1,163
P-41647,Gonçalo Ramos,Portugal,3,1,1,163
P-76740,Didi,Brazil,3,2,3,163
P-26616,Jung-hwan Ahn,South Korea,3,2,3,163
P-22046,Paulo Wanchope,Costa Rica,3,2,2,163
P-76842,Bukayo Saka,England,3,1,2,163
P-35865,Theodor Wagner,Austria,3,1,1,163
P-25724,Ji-sung Park,South Korea,3,3,3,163
P-84878,Robbie Keane,Republic of Ireland,3,1,3,163
P-35736,Falcão,Brazil,3,1,3,163
P-79374,Sven Jonasson,Sweden,3,2,2,163
P-77335,Heung-min Son,South Korea,3,2,3,163
P-77922,Héctor Socorro,Cuba,3,1,2,163
P-83456,Eduard Malofeyev,Soviet Union,3,1,2,163
P-33570,Maxi Rodríguez,Argentina,3,1,2,163
P-34536,Giuseppe Meazza,Italy,3,2,3,163
P-34450,David Platt,England,3,1,3,163
P-84003,Michael Ballack,Germany,3,1,3,163
P-33839,Roger Hunt,England,3,1,2,163
P-35408,Karim Benzema,France,3,1,2,163
P-81049,David Beckham,England,3,3,3,163
P-28911,Cody Gakpo,Netherlands,3,1,3,163
P-39356,Toni Kroos,Germany,3,2,2,163
P-80623,Jacques Fatton,Switzerland,3,2,2,163
P-18314,Julio Salinas,Spain,3,3,3,163
P-82212,Papa Bouba Diop,Senegal,3,1,2,163
P-80376,Daniel Passarella,Argentina,3,2,3,163
P-38969,Roger Piantoni,France,3,1,3,163
P-21213,Jesper Olsen,Denmark,3,1,3,163
P-19156,Agustín Delgado,Ecuador,3,2,3,163
P-86942,Roberto Dinamite,Brazil,3,1,2,163
P-38092,Harry Andersson,Sweden,3,1,1,163
P-27540,Memphis Depay,Netherlands,3,2,3,163
P-79617,Alain Giresse,France,3,1,2,163
P-37840,Artem Dzyuba,Russia,3,1,3,163
P-37275,Mile Jedinak,Australia,3,2,3,163
P-26700,Alfred Körner,Austria,3,2,2,163
P-85696,Aleksandar Mitrović,Serbia,3,2,3,163
P-87073,Stig Sundqvist,Sweden,3,1,3,163
P-91171,Preguinho,Brazil,3,1,2,163
P-91373,Jürgen Klinsmann,West Germany,3,1,3,163
P-99989,Walter Schachner,Austria,3,2,3,163
P-68398,José Torres,Portugal,3,1,3,163
P-03638,Raimundo Orsi,Italy,3,1,2,163
P-89975,Pierre Littbarski,West Germany,3,2,3,163
P-53791,László Kiss,Hungary,3,1,1,163
P-46979,André Schürrle,Germany,3,1,2,163
P-47038,Nico Claesen,Belgium,3,1,3,163
P-68016,Richarlison,Brazil,3,1,2,163
P-58852,Gustav Wetterström,Sweden,3,1,1,163
P-10601,Juan Hohberg,Uruguay,3,1,2,163
P-47496,Luis Artime,Argentina,3,1,2,163
P-47783,Todor Veselinović,Yugoslavia,3,1,2,163
P-95267,Jorge Burruchaga,Argentina,3,2,3,163
P-70166,Carlos Peucelle,Argentina,3,1,2,163
P-57352,Peregrino Anselmo,Uruguay,3,1,2,163
P-51339,Ernst Stojaspal,Austria,3,1,2,163
P-62214,Gianni Rivera,Italy,3,2,3,163
P-62157,Steven Gerrard,England,3,2,3,163
P-50564,Johan Cruyff,Netherlands,3,1,2,163
P-65182,Andrej Kramarić,Croatia,3,2,2,163
P-61703,Samuel Eto'o,Cameroon,3,2,3,163
P-01945,André Ayew,Ghana,3,2,3,163
P-93318,Dragan Stojković,Yugoslavia,3,2,2,163
P-52190,Karl-Erik Palmér,Sweden,3,1,3,163
P-97666,José Luis Caminero,Spain,3,1,2,163
P-09973,Fritz Walter,West Germany,3,1,2,163
P-53202,Tostão,Brazil,3,2,2,163
P-02231,Diego Costa,Spain,3,1,2,163
P-67663,José Augusto,Portugal,3,1,2,163
P-99158,Léopold Anoul,Belgium,3,1,2,163
P-93334,Zoltán Czibor,Hungary,3,1,3,163
P-42517,Youssef En-Nesyri,Morocco,3,2,3,163
P-60597,Brian McBride,United States,3,2,3,163
P-00119,Gigi Riva,Italy,3,1,2,163
P-72011,Eden Hazard,Belgium,3,1,2,163
P-89519,Dirceu,Brazil,3,1,2,163
P-71952,Oreste Corbatta,Argentina,3,1,3,163
P-71884,Suat Mamat,Turkey,3,1,2,163
P-04515,Burhan Sargun,Turkey,3,1,1,163
P-96621,Amarildo,Brazil,3,1,2,163
P-43196,Yerry Mina,Colombia,3,1,3,163
P-59837,Marcus Rashford,England,3,1,2,163
P-96985,Gerry Armstrong,Northern Ireland,3,1,3,163
P-55855,Ștefan Dobay,Romania,3,2,3,163
P-55170,Rónald Gómez,Costa Rica,3,2,3,163
P-70927,Perácio,Brazil,3,1,2,163
P-43734,Ivan Bek,Yugoslavia,3,1,2,163
P-44763,Rafael Márquez,Mexico,3,3,3,163
P-44339,Romeu,Brazil,3,1,3,163
P-60896,Wolfgang Overath,West Germany,3,2,3,163
P-03658,César Sampaio,Brazil,3,1,2,163
P-05511,Bernard Genghini,France,3,2,3,163
P-97601,Arne Nyberg,Sweden,3,1,3,163
P-70583,Salem Al-Dawsari,Saudi Arabia,3,2,3,163
P-97414,Enzo Scifo,Belgium,3,2,3,163
P-60977,Géza Toldi,Hungary,3,2,2,163
P-70804,Jean Nicolas,France,3,2,2,163
P-98528,Luís Fabiano,Brazil,3,1,2,163
P-05537,Milan Galić,Yugoslavia,3,1,2,163
P-56788,Michael Laudrup,Denmark,2,2,2,276
P-62594,Giorgian De Arrascaeta,Uruguay,2,1,1,276
P-56947,Lilian Thuram,France,2,1,1,276
P-77989,François Omam-Biyik,Cameroon,2,2,2,276
P-62861,Robert Prosinečki,Croatia,2,1,2,276
P-77743,Kai Havertz,Germany,2,1,1,276
P-33586,Gervinho,Ivory Coast,2,1,2,276
P-78264,Elano,Brazil,2,1,2,276
P-56330,Andrés Iniesta,Spain,2,1,2,276
P-63363,Marouane Fellaini,Belgium,2,2,2,276
P-34233,Martin Peters,England,2,2,2,276
P-55994,Adolfo Valencia,Colombia,2,1,2,276
P-34326,Tibor Nyilasi,Hungary,2,1,1,276
P-33565,Đorđe Vujadinović,Yugoslavia,2,1,2,276
P-56231,Karl Hohmann,Germany,2,1,1,276
P-34993,Dieter Müller,West Germany,2,1,2,276
P-31566,Ümit Davala,Turkey,2,1,2,276
P-31301,Ferran Torres,Spain,2,1,1,276
P-31235,Jean-Pierre Papin,France,2,1,2,276
P-80609,Anatoli Ilyin,Soviet Union,2,1,2,276
P-59147,Abdelmoumene Djabou,Algeria,2,1,2,276
P-59191,Patrick Kluivert,Netherlands,2,1,2,276
P-80725,Stanislav Karasi,Yugoslavia,2,1,2,276
P-34977,Omar Bravo,Mexico,2,1,1,276
P-60811,Derek Kevan,England,2,1,2,276
P-59298,Benni McCarthy,South Africa,2,2,2,276
P-60629,José Altafini,Brazil,2,1,1,276
P-60620,André Maschinot,France,2,1,1,276
P-59854,Raoul Lambert,Belgium,2,1,2,276
P-81447,Mats Hummels,Germany,2,1,2,276
P-81643,Jared Borgetti,Mexico,2,1,2,276
P-81929,Luis Cubilla,Uruguay,2,2,2,276
P-59199,Islam Slimani,Algeria,2,1,2,276
P-32958,Emmanuel Sanon,Haiti,2,1,2,276
P-57361,Ronaldinho,Brazil,2,1,2,276
P-78277,Julio Abbadie,Uruguay,2,1,1,276
P-32798,Thiago Silva,Brazil,2,2,2,276
P-78417,Jean Vincent,France,2,2,2,276
P-57787,Roberto Bettega,Italy,2,1,2,276
P-57931,Włodzimierz Smolarek,Poland,2,2,2,276
P-61684,Alexander Frei,Switzerland,2,1,2,276
P-60969,Müller,Brazil,2,1,2,276
P-32438,Jorge Lino Romero,Paraguay,2,1,2,276
P-32279,Simão,Portugal,2,2,2,276
P-79755,Josimar,Brazil,2,1,2,276
P-61272,Ladislav Petráš,Czechoslovakia,2,1,2,276
P-31959,Santos Iriarte,Uruguay,2,1,2,276
P-60461,Gábor Pölöskei,Hungary,2,1,2,276
P-58907,Ritsu Dōan,Japan,2,1,2,276
P-80170,Dennis Rommedahl,Denmark,2,2,2,276
P-61338,Carlos Vidal,Chile,2,1,1,276
P-39584,Bruno Fernandes,Portugal,2,1,1,276
P-39512,Giovanni Ferrari,Italy,2,1,2,276
P-46246,Niclas Füllkrug,Germany,2,1,2,276
P-75255,Sang-chul Yoo,South Korea,2,2,2,276
P-68584,Kenny Dalglish,Scotland,2,2,2,276
P-39132,Éder,Brazil,2,1,2,276
P-46807,Junichi Inamoto,Japan,2,1,2,276
P-46904,Luis García Postigo,Mexico,2,1,1,276
P-53882,Ernst Ocwirk,Austria,2,1,2,276
P-67833,Viorel Moldovan,Romania,2,1,2,276
P-38753,Ernst Lehner,Germany,2,1,1,276
P-38674,Pablo Dorado,Uruguay,2,1,2,276
P-47829,Wilfried Van Moer,Belgium,2,1,1,276
P-38599,Vincenzo Iaquinta,Italy,2,2,2,276
P-38164,Mário Zagallo,Brazil,2,2,2,276
P-67274,Gabi Balint,Romania,2,1,2,276
P-75890,Mohamed Salah,Egypt,2,1,2,276
P-38878,Luis Enrique,Spain,2,2,2,276
P-42224,Phillip Cocu,Netherlands,2,1,2,276
P-72296,Kjetil Rekdal,Norway,2,2,2,276
P-42138,Péter Palotás,Hungary,2,1,1,276
P-72738,Giacomo Bulgarelli,Italy,2,1,1,276
P-30014,Alexis Sánchez,Chile,2,1,2,276
P-43307,Philippe Albert,Belgium,2,1,2,276
P-43392,Slobodan Komljenović,Yugoslavia,2,1,2,276
P-73704,Julio César Romero,Paraguay,2,1,2,276
P-44754,Jair,Brazil,2,1,2,276
P-71223,Ivor Allchurch,Wales,2,1,2,276
P-73743,Zizinho,Brazil,2,1,2,276
P-73924,Xabi Alonso,Spain,2,2,2,276
P-40927,Chung-yong Lee,South Korea,2,1,2,276
P-40400,Emmanuel Petit,France,2,1,2,276
P-40338,Salah Assad,Algeria,2,1,1,276
P-74480,Jean Beausejour,Chile,2,2,2,276
P-39861,Daley Blind,Netherlands,2,2,2,276
P-74565,Didier Six,France,2,1,2,276
P-43400,Bastian Schweinsteiger,Germany,2,1,1,276
P-52474,Dino Baggio,Italy,2,1,2,276
P-53452,Vincent Aboubakar,Cameroon,2,1,2,276
P-64344,Klaas-Jan Huntelaar,Netherlands,2,2,2,276
P-54042,Fred,Brazil,2,2,2,276
P-64059,José Iraragorri,Spain,2,1,1,276
P-76882,Billy Hamilton,Northern Ireland,2,1,1,276
P-64049,Jan Vertonghen,Belgium,2,2,2,276
P-35818,Blerim Džemaili,Switzerland,2,2,2,276
P-48382,Nelinho,Brazil,2,1,2,276
P-77224,Granit Xhaka,Switzerland,2,2,2,276
P-54697,Héctor Castro,Uruguay,2,1,2,276
P-55097,Myung-bo Hong,South Korea,2,1,2,276
P-63835,Hristo Bonev,Bulgaria,2,2,2,276
P-63673,Mario Götze,Germany,2,1,2,276
P-55504,Oliver Neuville,Germany,2,2,2,276
P-63416,Alan Shearer,England,2,1,2,276
P-34998,Andreas Granqvist,Sweden,2,1,2,276
P-54322,Ilie Dumitrescu,Romania,2,1,1,276
P-48955,Kevin De Bruyne,Belgium,2,2,2,276
P-50252,Ricardo Peláez,Mexico,2,1,2,276
P-65940,Obdulio Varela,Uruguay,2,2,2,276
P-75977,Maryan Wisnieski,France,2,1,2,276
P-37586,Bartosz Bosacki,Poland,2,1,1,276
P-50641,Sulley Muntari,Ghana,2,2,2,276
P-51219,Antonín Puč,Czechoslovakia,2,1,2,276
P-37239,Oscar,Brazil,2,1,2,276
P-52461,Klaus Fischer,West Germany,2,1,2,276
P-37171,Philippe Coutinho,Brazil,2,1,2,276
P-65506,Milan Dvořák,Czechoslovakia,2,1,2,276
P-37126,Marco Materazzi,Italy,2,1,2,276
P-51460,Riccardo Carapellese,Italy,2,1,2,276
P-65224,Trevor Francis,England,2,1,2,276
P-76546,Adolfo Zumelzú,Argentina,2,1,1,276
P-36870,Sergio Agüero,Argentina,2,1,2,276
P-51711,Johann Horvath,Austria,2,1,2,276
P-65214,Eladio Rojas,Chile,2,1,2,276
P-51434,Florea Dumitrache,Romania,2,1,2,276
P-21495,Alberto García Aspe,Mexico,2,2,2,276
P-13975,Michy Batshuayi,Belgium,2,2,2,276
P-21434,Tiago,Portugal,2,1,1,276
P-21024,Abderrazak Khairi,Morocco,2,1,1,276
P-85443,Bernard Voorhoof,Belgium,2,1,1,276
P-20664,Serginho,Brazil,2,1,2,276
P-04572,Rudi Völler,Germany,2,1,1,276
P-14296,Ramón Calderé,Spain,2,1,1,276
P-03282,Oleh Blokhin,Soviet Union,2,2,2,276
P-14349,Abdeljalil Hadda,Morocco,2,1,2,276
P-96512,Luca Toni,Italy,2,1,1,276
P-05061,Nasko Sirakov,Bulgaria,2,2,2,276
P-85860,Mehdi Taremi,Iran,2,1,1,276
P-05132,Ron Flowers,England,2,1,2,276
P-20372,Adriano,Brazil,2,1,2,276
P-96211,Brett Holman,Australia,2,1,2,276
P-89984,Takashi Inui,Japan,2,1,2,276
P-96540,Patrick Vieira,France,2,1,2,276
P-23914,Željko Čajkovski,Yugoslavia,2,1,1,276
P-23883,Hasan Şaş,Turkey,2,1,2,276
P-08459,Guillermo Subiabre,Chile,2,1,2,276
P-23821,Mohammed Kudus,Ghana,2,1,1,276
P-84532,Wilfried Bony,Ivory Coast,2,1,2,276
P-00619,Andoni Goikoetxea,Spain,2,1,2,276
P-13029,Sami Khedira,Germany,2,2,2,276
P-00549,Robert Lewandowski,Poland,2,1,2,276
P-21550,Fuad Anwar,Saudi Arabia,2,1,2,276
P-22982,Yannick Stopyra,France,2,1,2,276
P-84852,Dries Mertens,Belgium,2,2,2,276
P-22820,Emmanuel Amunike,Nigeria,2,1,2,276
P-22636,José Parodi,Paraguay,2,1,2,276
P-84893,Daniel Amokachi,Nigeria,2,1,2,276
P-13265,Ivica Olić,Croatia,2,2,2,276
P-13354,Robinho,Brazil,2,1,2,276
P-85317,Aleksandar Petaković,Yugoslavia,2,1,2,276
P-03607,Alberto Gallardo,Peru,2,1,2,276
P-84807,Shinji Okazaki,Japan,2,2,2,276
P-18222,Marcos Rojo,Argentina,2,2,2,276
P-07812,Javier Valdivia,Mexico,2,1,1,276
P-05819,Viktor Ponedelnik,Soviet Union,2,1,2,276
P-95392,Klaus Allofs,West Germany,2,1,2,276
P-15681,Heinz Flohe,West Germany,2,1,1,276
P-07620,Kosta Tomašević,Yugoslavia,2,1,2,276
P-15857,José Sasía,Uruguay,2,1,2,276
P-17581,Maniche,Portugal,2,1,2,276
P-19817,Florencio Amarilla,Paraguay,2,1,1,276
P-07494,Jung-soo Lee,South Korea,2,1,2,276
P-93788,Marco Tardelli,Italy,2,1,2,276
P-17509,Paul Pogba,France,2,2,2,276
P-16479,Archie Gemmill,Scotland,2,1,1,276
P-06736,Erwin Vandenbergh,Belgium,2,2,2,276
P-88758,Ivor Broadis,England,2,1,1,276
P-17292,Juan Bautista Agüero,Paraguay,2,1,2,276
P-94413,Roland Sandberg,Sweden,2,1,2,276
P-07259,Young-gwon Kim,South Korea,2,2,2,276
P-95036,Wout Weghorst,Netherlands,2,1,1,276
P-86320,Atilio Cremaschi,Chile,2,1,1,276
P-14499,Juan Fernando Quintero,Colombia,2,2,2,276
P-19567,Yordan Letchkov,Bulgaria,2,1,2,276
P-86650,Andriy Shevchenko,Ukraine,2,1,2,276
P-08239,Michal Bílek,Czechoslovakia,2,1,2,276
P-86813,Tom Finney,England,2,2,2,276
P-86943,Carlos Tenorio,Ecuador,2,1,2,276
P-19209,Antonín Panenka,Czechoslovakia,2,1,2,276
P-87449,David Luiz,Brazil,2,1,2,276
P-15222,Sun-hong Hwang,South Korea,2,2,2,276
P-19075,Breel Embolo,Switzerland,2,1,2,276
P-87059,Salaheddine Bassir,Morocco,2,1,1,276
P-95637,Kálmán Mészöly,Hungary,2,1,2,276
P-18804,Patrick M'Boma,Cameroon,2,2,2,276
P-89481,Manuel Rosas,Mexico,2,1,1,276
P-15387,Pinga,Brazil,2,1,1,276
P-87169,Cho Gue-sung,South Korea,2,1,1,276
P-87203,Seung-zin Pak,North Korea,2,1,2,276
P-19136,Theodore Whitmore,Jamaica,2,1,1,276
P-28996,Fernando Quirarte,Mexico,2,1,2,276
P-01068,Jackson Martínez,Colombia,2,1,1,276
P-92154,Roberto Boninsegna,Italy,2,1,2,276
P-00152,Egisto Pandolfini,Italy,2,2,2,276
P-83216,Juan Cuadrado,Colombia,2,2,2,276
P-92804,Ronald de Boer,Netherlands,2,1,2,276
P-11027,John Wark,Scotland,2,1,1,276
P-99185,László Fazekas,Hungary,2,1,1,276
P-01678,Adrian Knup,Switzerland,2,1,1,276
P-12030,Romeo Benetti,Italy,2,2,2,276
P-99466,Didier Drogba,Ivory Coast,2,2,2,276
P-01618,Jorge Toro,Chile,2,1,2,276
P-01582,Arie Haan,Netherlands,2,1,2,276
P-01462,Henri Camara,Senegal,2,1,1,276
P-82670,Ernie Brandts,Netherlands,2,1,2,276
P-02405,Bernardo Redín,Colombia,2,1,2,276
P-01298,Davor Jozić,Yugoslavia,2,1,2,276
P-98626,Kalu Uche,Nigeria,2,1,2,276
P-92628,John Stones,England,2,1,1,276
P-28805,Václav Hovorka,Czechoslovakia,2,1,1,276
P-27349,Rafael Leão,Portugal,2,1,2,276
P-92456,Lefter Küçükandonyadis,Turkey,2,1,2,276
P-28747,Ivica Šurjak,Yugoslavia,2,1,2,276
P-10338,Nils Liedholm,Sweden,2,1,2,276
P-99590,Bryan Ruiz,Costa Rica,2,1,2,276
P-27906,Oleksandr Zavarov,Soviet Union,2,2,2,276
P-27957,Wim Jonk,Netherlands,2,1,2,276
P-91963,Joachim Streich,East Germany,2,1,2,276
P-28133,Brian Laudrup,Denmark,2,1,2,276
P-28230,Marc Degryse,Belgium,2,2,2,276
P-28239,Abdulrahman Fawzi,Egypt,2,1,1,276
P-98252,Jaime Ramírez,Chile,2,1,2,276
P-01137,Marius Lăcătuș,Romania,2,1,1,276
P-00065,Ariel Ortega,Argentina,2,1,1,276
P-83987,Moderato,Brazil,2,1,1,276
P-29491,Luka Modrić,Croatia,2,1,2,276
P-29493,Mihály Lantos,Hungary,2,1,2,276
P-93241,Aruna Dindane,Ivory Coast,2,1,1,276
P-12625,Dan Petrescu,Romania,2,2,2,276
P-83836,Alessandro Del Piero,Italy,2,2,2,276
P-08966,Julinho,Brazil,2,1,2,276
P-24305,Pál Titkos,Hungary,2,1,2,276
P-91027,Sune Andersson,Sweden,2,1,2,276
P-12818,Mesut Özil,Germany,2,2,2,276
P-31892,Darko Pančev,Yugoslavia,2,1,1,276
P-24299,Shaun Bartlett,South Africa,2,1,1,276
P-03089,Hasse Jeppson,Sweden,2,1,1,276
P-81972,Pepe,Portugal,2,2,2,276
P-24336,Silvestre Igoa,Spain,2,1,2,276
P-29090,Tomáš Rosický,Czech Republic,2,1,1,276
P-02675,Bryan Robson,England,2,1,1,276
P-83441,Rubén Marcos,Chile,2,1,2,276
P-82033,Héctor Yazalde,Argentina,2,1,1,276
P-25760,Luis Monti,Argentina,2,1,2,276
P-29440,Roberto Cabañas,Paraguay,2,1,1,276
P-93703,Fabio Capello,Italy,1,1,1,531
P-68060,Remo Freuler,Switzerland,1,1,1,531
P-92384,Patrick Vervoort,Belgium,1,1,1,531
P-68055,Martin Jørgensen,Denmark,1,1,1,531
P-65631,Jorge Valdivia,Chile,1,1,1,531
P-68042,Carlos Vela,Mexico,1,1,1,531
P-93688,Salman Al-Faraj,Saudi Arabia,1,1,1,531
P-65659,José Giménez,Uruguay,1,1,1,531
P-93680,Ramaz Shengelia,Soviet Union,1,1,1,531
P-92292,John Eriksen,Denmark,1,1,1,531
P-65283,Roberto López Ufarte,Spain,1,1,1,531
P-65525,Jung-won Seo,South Korea,1,1,1,531
P-65802,Daniele De Rossi,Italy,1,1,1,531
P-94036,Ludo Coeck,Belgium,1,1,1,531
P-65484,Cayetano Ré,Paraguay,1,1,1,531
P-94135,Juan Carreño,Mexico,1,1,1,531
P-65777,Juan Pablo Vargas,Costa Rica,1,1,1,531
P-93792,Andoni Goikoetxea,Spain,1,1,1,531
P-66254,Osvaldo Ardiles,Argentina,1,1,1,531
P-66316,Kevin-Prince Boateng,Ghana,1,1,1,531
P-92987,Randal Kolo Muani,France,1,1,1,531
P-66365,Bruno Conti,Italy,1,1,1,531
P-66576,Tomás Balcázar,Mexico,1,1,1,531
P-67232,Eric Wynalda,United States,1,1,1,531
P-93386,Raí,Brazil,1,1,1,531
P-94161,Philippe Senderos,Switzerland,1,1,1,531
P-67185,Petar Radaković,Yugoslavia,1,1,1,531
P-67113,Aleksandr Kokorin,Russia,1,1,1,531
P-66593,Aleksandr Chivadze,Soviet Union,1,1,1,531
P-66908,Craig Moore,Australia,1,1,1,531
P-66683,Javier Ambrois,Uruguay,1,1,1,531
P-66684,Álvaro Recoba,Uruguay,1,1,1,531
P-93346,Rubén Toribio Díaz,Peru,1,1,1,531
P-66907,Yegor Titov,Russia,1,1,1,531
P-93072,Karl-Heinz Schnellinger,West Germany,1,1,1,531
P-92440,Aleksandr Ivanov,Soviet Union,1,1,1,531
P-93633,Mehdi Mahdavikia,Iran,1,1,1,531
P-67671,Angelo Domenghini,Italy,1,1,1,531
P-92595,Søren Lerby,Denmark,1,1,1,531
P-93627,Bruce Murray,United States,1,1,1,531
P-93539,Hans Cieslarczyk,West Germany,1,1,1,531
P-65979,Ivan Rakitić,Croatia,1,1,1,531
P-67250,Bonaventure Kalou,Ivory Coast,1,1,1,531
P-92720,Bruno Pezzey,Austria,1,1,1,531
P-67578,Raphaël Guerreiro,Portugal,1,1,1,531
P-67329,Glenn Strömberg,Sweden,1,1,1,531
P-67297,Samuel Umtiti,France,1,1,1,531
P-66178,Håkan Mild,Sweden,1,1,1,531
P-66199,Manuel Negrete,Mexico,1,1,1,531
P-66229,Esteban Cambiasso,Argentina,1,1,1,531
P-92812,Vinícius Júnior,Brazil,1,1,1,531
P-66055,Néjib Ghommidh,Tunisia,1,1,1,531
P-01013,Paolo Barison,Italy,1,1,1,531
P-61850,Jawhar Mnari,Tunisia,1,1,1,531
P-61943,Bongani Khumalo,South Africa,1,1,1,531
P-61976,Mathias Jørgensen,Denmark,1,1,1,531
P-01012,Zlatan Ljubijankić,Slovenia,1,1,1,531
P-62193,Magdi Abdelghani,Egypt,1,1,1,531
P-00746,Tom Turesson,Sweden,1,1,1,531
P-00649,Sebastjan Cimirotič,Slovenia,1,1,1,531
P-00643,Luis Fernández,France,1,1,1,531
P-92317,Jesús María Zamora,Spain,1,1,1,531
P-62564,Allan Nielsen,Denmark,1,1,1,531
P-00640,Ziad Jaziri,Tunisia,1,1,1,531
P-62599,Norman Whiteside,Northern Ireland,1,1,1,531
P-62622,Joe Gaetjens,United States,1,1,1,531
P-62668,Alan Mullery,England,1,1,1,531
P-62808,Rui Costa,Portugal,1,1,1,531
P-62815,José Luis Brown,Argentina,1,1,1,531
P-98228,Rashidi Yekini,Nigeria,1,1,1,531
P-62861,Robert Prosinečki,Yugoslavia,1,1,1,531
P-98051,José Cardozo,Paraguay,1,1,1,531
P-62529,Reinhard Libuda,West Germany,1,1,1,531
P-60554,Iago Aspas,Spain,1,1,1,531
P-60562,Eul-yong Lee,South Korea,1,1,1,531
P-60592,Martín Palermo,Argentina,1,1,1,531
P-99087,Marcel Langiller,France,1,1,1,531
P-98747,Rouzbeh Cheshmi,Iran,1,1,1,531
P-98607,Juan,Brazil,1,1,1,531
P-98547,Charles Antenen,Switzerland,1,1,1,531
P-60652,Benjamin Pavard,France,1,1,1,531
P-98541,Gerry Hitchens,England,1,1,1,531
P-98435,Strahinja Pavlović,Serbia,1,1,1,531
P-01045,Fabio Quagliarella,Italy,1,1,1,531
P-98373,Yakubu,Nigeria,1,1,1,531
P-98280,Norberto Menéndez,Argentina,1,1,1,531
P-98262,Vitaly Khmelnitsky,Soviet Union,1,1,1,531
P-61240,Thomas Sjöberg,Sweden,1,1,1,531
P-61292,Yasuhito Endō,Japan,1,1,1,531
P-01172,Dobromir Zhechev,Bulgaria,1,1,1,531
P-61365,Erich Obermayer,Austria,1,1,1,531
P-01165,Stefan Majewski,Poland,1,1,1,531
P-61576,Héctor Hernández,Mexico,1,1,1,531
P-61839,Alberto Galateo,Argentina,1,1,1,531
P-98387,Maksym Kalynychenko,Ukraine,1,1,1,531
P-64207,Juan Ignacio Basaguren,Mexico,1,1,1,531
P-95491,Ray Houghton,Republic of Ireland,1,1,1,531
P-95402,Pablo Armero,Colombia,1,1,1,531
P-64352,Gabriel Heinze,Argentina,1,1,1,531
P-64353,Lovro Majer,Croatia,1,1,1,531
P-64415,Léider Preciado,Colombia,1,1,1,531
P-95299,Stéphane Demol,Belgium,1,1,1,531
P-64425,Vlastimil Kopecký,Czechoslovakia,1,1,1,531
P-64475,Jung-moo Huh,South Korea,1,1,1,531
P-64532,Víctor Rangel,Mexico,1,1,1,531
P-62977,Khalilou Fadiga,Senegal,1,1,1,531
P-64788,Doo-ik Pak,North Korea,1,1,1,531
P-64922,Wesley Sonck,Belgium,1,1,1,531
P-64962,Kiko,Spain,1,1,1,531
P-94563,Fakhreddine Ben Youssef,Tunisia,1,1,1,531
P-94559,Bülent Korkmaz,Turkey,1,1,1,531
P-64967,Amleto Frignani,Italy,1,1,1,531
P-94551,Maicon,Brazil,1,1,1,531
P-94447,Marco Reus,Germany,1,1,1,531
P-65185,Bart McGhee,United States,1,1,1,531
P-94204,Tore Keller,Sweden,1,1,1,531
P-64553,Gustavo Peña,Mexico,1,1,1,531
P-97912,Óscar Duarte,Costa Rica,1,1,1,531
P-97840,Sol Campbell,England,1,1,1,531
P-97615,Denzel Dumfries,Netherlands,1,1,1,531
P-97258,Michael Bradley,United States,1,1,1,531
P-97143,Tranquillo Barnetta,Switzerland,1,1,1,531
P-97008,Darijo Srna,Croatia,1,1,1,531
P-63293,Dušan Vlahović,Serbia,1,1,1,531
P-96969,Ivan Gudelj,Yugoslavia,1,1,1,531
P-96566,Takayuki Suzuki,Japan,1,1,1,531
P-63620,Jesse Lingard,England,1,1,1,531
P-64184,Bakari Koné,Ivory Coast,1,1,1,531
P-96343,Deco,Portugal,1,1,1,531
P-63916,Paul Scholes,England,1,1,1,531
P-96178,Earnie Stewart,United States,1,1,1,531
P-63927,Gareth Bale,Wales,1,1,1,531
P-96110,Goran Vlaović,Croatia,1,1,1,531
P-95911,César López Fretes,Paraguay,1,1,1,531
P-95747,Hansi Müller,West Germany,1,1,1,531
P-95670,Ricardo Quaresma,Portugal,1,1,1,531
P-64134,Rüdiger Abramczik,West Germany,1,1,1,531
P-95634,Jerzy Gorgoń,Poland,1,1,1,531
P-96391,John Robertson,Scotland,1,1,1,531
P-76612,Juan Carlos Valerón,Spain,1,1,1,531
P-76678,Francisco Arce,Paraguay,1,1,1,531
P-85379,Maouhoub Ghazouani,Morocco,1,1,1,531
P-76769,Radhi Jaïdi,Tunisia,1,1,1,531
P-85324,Reza Ghoochannejhad,Iran,1,1,1,531
P-85178,José Luis Sierra,Chile,1,1,1,531
P-85176,Roberto Carlos,Brazil,1,1,1,531
P-84905,Rildo,Brazil,1,1,1,531
P-77047,Giovani dos Santos,Mexico,1,1,1,531
P-77250,Igor Dobrovolski,Soviet Union,1,1,1,531
P-99095,Heinz Schneiter,Switzerland,1,1,1,531
P-77302,Tomás Fernández,Cuba,1,1,1,531
P-84762,Masashi Nakayama,Japan,1,1,1,531
P-84660,Julio Pérez,Uruguay,1,1,1,531
P-84430,Nahuel Molina,Argentina,1,1,1,531
P-84378,Niko Kovač,Croatia,1,1,1,531
P-84320,Reinaldo,Brazil,1,1,1,531
P-77532,Peter Crouch,England,1,1,1,531
P-84312,Mathieu Valbuena,France,1,1,1,531
P-77553,Gélson Fernandes,Switzerland,1,1,1,531
P-77619,Divock Origi,Belgium,1,1,1,531
P-77705,Teófilo Gutiérrez,Colombia,1,1,1,531
P-77277,Shunsuke Nakamura,Japan,1,1,1,531
P-87114,Yasser Al-Qahtani,Saudi Arabia,1,1,1,531
P-75306,Antonio Di Natale,Italy,1,1,1,531
P-75309,Bobby Collins,Scotland,1,1,1,531
P-75377,Mario Stanić,Croatia,1,1,1,531
P-86677,Sergei Aleinikov,Soviet Union,1,1,1,531
P-75545,Giuseppe Giannini,Italy,1,1,1,531
P-75574,Jimmy Greaves,England,1,1,1,531
P-75829,Aldo Donelli,United States,1,1,1,531
P-75929,Blagoje Marjanović,Yugoslavia,1,1,1,531
P-75955,Nílton Santos,Brazil,1,1,1,531
P-76592,Jean Tigana,France,1,1,1,531
P-75989,Serge Gnabry,Germany,1,1,1,531
P-85884,Kick Smit,Netherlands,1,1,1,531
P-76141,Plamen Getov,Bulgaria,1,1,1,531
P-76170,Iraj Danaeifard,Iran,1,1,1,531
P-85837,Luis Flores,Mexico,1,1,1,531
P-76368,Felipe Baloy,Panama,1,1,1,531
P-76411,Kwan Hwangbo,South Korea,1,1,1,531
P-76498,Vladimir Beschastnykh,Russia,1,1,1,531
P-85698,Georginio Wijnaldum,Netherlands,1,1,1,531
P-76522,Héctor Chumpitaz,Peru,1,1,1,531
P-85432,Anders Svensson,Sweden,1,1,1,531
P-86276,Sigfried Held,West Germany,1,1,1,531
P-79080,Oscar Ruggeri,Argentina,1,1,1,531
P-82525,Zito,Brazil,1,1,1,531
P-79103,Miguel Ángel Brindisi,Argentina,1,1,1,531
P-79299,Sadio Mané,Senegal,1,1,1,531
P-82512,Jimmy Mullen,England,1,1,1,531
P-82447,Ao Tanaka,Japan,1,1,1,531
P-79953,Gerhard Rodax,Austria,1,1,1,531
P-82329,Predrag Mijatović,Yugoslavia,1,1,1,531
P-80285,Amancio,Spain,1,1,1,531
P-80289,Ebbe Sand,Denmark,1,1,1,531
P-84173,Arturo Vázquez Ayala,Mexico,1,1,1,531
P-82216,Moisés Caicedo,Ecuador,1,1,1,531
P-80680,Youri Djorkaeff,France,1,1,1,531
P-82189,Alberto Górriz,Spain,1,1,1,531
P-80821,Jean-Marc Ferreri,France,1,1,1,531
P-80986,Keysher Fuller,Costa Rica,1,1,1,531
P-81006,Eugen Walaschek,Switzerland,1,1,1,531
P-82186,Julio César Cortés,Uruguay,1,1,1,531
P-81322,Roberto,Brazil,1,1,1,531
P-81444,Carlos Manuel,Portugal,1,1,1,531
P-81477,Jan Koller,Czech Republic,1,1,1,531
P-82010,Craig Goodwin,Australia,1,1,1,531
P-82218,Ramón Heredia,Argentina,1,1,1,531
P-77711,Marc Rieper,Denmark,1,1,1,531
P-84022,Freddie Ljungberg,Sweden,1,1,1,531
P-77789,Milan Badelj,Croatia,1,1,1,531
P-77834,Mordechai Spiegler,Israel,1,1,1,531
P-83642,Oribe Peralta,Mexico,1,1,1,531
P-83544,Chong-gug Song,South Korea,1,1,1,531
P-83431,Stjepan Bobek,Yugoslavia,1,1,1,531
P-83403,Roberto Ayala,Argentina,1,1,1,531
P-78085,Hamid Estili,Iran,1,1,1,531
P-83367,Gylfi Sigurðsson,Iceland,1,1,1,531
P-78111,Ramón Díaz,Argentina,1,1,1,531
P-82723,Paul Caligiuri,United States,1,1,1,531
P-83366,Gösta Dunker,Sweden,1,1,1,531
P-83363,Dele Alli,England,1,1,1,531
P-78296,Nani,Portugal,1,1,1,531
P-78385,Josep Guardiola,Spain,1,1,1,531
P-83210,Paul Mariner,England,1,1,1,531
P-83096,Júnior,Brazil,1,1,1,531
P-78440,Diego Godín,Uruguay,1,1,1,531
P-78483,Flávio,Angola,1,1,1,531
P-78557,Jorge Luis Campos,Paraguay,1,1,1,531
P-83086,Alfredo,Brazil,1,1,1,531
P-78654,Cristian Riveros,Paraguay,1,1,1,531
P-78235,Oscar Heisserer,France,1,1,1,531
P-70085,Alfreð Finnbogason,Iceland,1,1,1,531
P-91029,Mitchell Duke,Australia,1,1,1,531
P-70280,Stefan de Vrij,Netherlands,1,1,1,531
P-70294,Miklós Kovács,Romania,1,1,1,531
P-90883,Christian Lopez,France,1,1,1,531
P-90867,Ferjani Sassi,Tunisia,1,1,1,531
P-70680,Adrian Ilie,Romania,1,1,1,531
P-70715,Hakim Ziyech,Morocco,1,1,1,531
P-90842,Branco,Brazil,1,1,1,531
P-70812,Joel Campbell,Costa Rica,1,1,1,531
P-75292,Dimitris Salpingidis,Greece,1,1,1,531
P-70989,József Bozsik,Hungary,1,1,1,531
P-71032,Miguel Ángel Neira,Chile,1,1,1,531
P-90145,Shane Smeltz,New Zealand,1,1,1,531
P-90097,Khalid Ismaïl,United Arab Emirates,1,1,1,531
P-90033,Josef Kadraba,Czechoslovakia,1,1,1,531
P-71308,Keun-ho Lee,South Korea,1,1,1,531
P-71343,Alexis Mac Allister,Argentina,1,1,1,531
P-71516,Wilf Mannion,England,1,1,1,531
P-89971,Aleksandr Kerzhakov,Russia,1,1,1,531
P-71840,Steven Zuber,Switzerland,1,1,1,531
P-89949,Horst Hrubesch,West Germany,1,1,1,531
P-90482,Terry Medwin,Wales,1,1,1,531
P-68131,Haji Wright,United States,1,1,1,531
P-92243,Fernando Riera,Chile,1,1,1,531
P-68346,Tedj Bensaoula,Algeria,1,1,1,531
P-92173,Uli Hoeneß,West Germany,1,1,1,531
P-68463,Antonio Alzamendi,Uruguay,1,1,1,531
P-68510,Mark Wright,England,1,1,1,531
P-91562,Graeme Souness,Scotland,1,1,1,531
P-69133,Isidro Lángara,Spain,1,1,1,531
P-91438,Julian Green,United States,1,1,1,531
P-91411,Włodzimierz Ciołek,Poland,1,1,1,531
P-70006,Peter Odemwingie,Nigeria,1,1,1,531
P-69368,Houmane Jarir,Morocco,1,1,1,531
P-69504,Freddy Rincón,Colombia,1,1,1,531
P-69644,Oscar,Brazil,1,1,1,531
P-91294,Domagoj Vida,Croatia,1,1,1,531
P-69750,René Bader,Switzerland,1,1,1,531
P-69813,Gunnar Gren,Sweden,1,1,1,531
P-69834,Manuel Amoros,France,1,1,1,531
P-91195,Sandro Mazzola,Italy,1,1,1,531
P-69885,Károly Sándor,Hungary,1,1,1,531
P-69919,Nacer Chadli,Belgium,1,1,1,531
P-69995,Paweł Kryszałowicz,Poland,1,1,1,531
P-91295,Adalbert Deşu,Romania,1,1,1,531
P-74228,Julius Aghahowa,Nigeria,1,1,1,531
P-74237,Rónald González Brenes,Costa Rica,1,1,1,531
P-88340,Pierre van Hooijdonk,Netherlands,1,1,1,531
P-74264,Craig Burley,Scotland,1,1,1,531
P-74307,Eloy,Spain,1,1,1,531
P-74352,Branko Zebec,Yugoslavia,1,1,1,531
P-74361,Safet Sušić,Yugoslavia,1,1,1,531
P-88101,Raul Meireles,Portugal,1,1,1,531
P-88088,Dragan Džajić,Yugoslavia,1,1,1,531
P-88070,Alexandre Czerniatynski,Belgium,1,1,1,531
P-89782,Wilson Oruma,Nigeria,1,1,1,531
P-88043,John O'Brien,United States,1,1,1,531
P-74655,Radamel Falcao,Colombia,1,1,1,531
P-87859,Antolín Alcaraz,Paraguay,1,1,1,531
P-74952,Laurent Blanc,France,1,1,1,531
P-87730,Tihomir Ognjanov,Yugoslavia,1,1,1,531
P-75066,Roger Ljung,Sweden,1,1,1,531
P-87702,Raouf Bouzaiene,Tunisia,1,1,1,531
P-87668,Peter Møller,Denmark,1,1,1,531
P-75209,Giampiero Boniperti,Italy,1,1,1,531
P-87474,Anton Schall,Austria,1,1,1,531
P-75230,Emmanuel Olisadebe,Poland,1,1,1,531
P-74529,Colin Clarke,Northern Ireland,1,1,1,531
P-72075,Fryderyk Scherfke,Poland,1,1,1,531
P-89453,Stan Mortensen,England,1,1,1,531
P-72363,Osman Bukari,Ghana,1,1,1,531
P-89438,Francisco Fonseca,Mexico,1,1,1,531
P-72379,Kevin Sheedy,Republic of Ireland,1,1,1,531
P-72404,Thomas Helveg,Denmark,1,1,1,531
P-89412,Raúl Servín,Mexico,1,1,1,531
P-89297,Gerardo Torrado,Mexico,1,1,1,531
P-72487,Samson Siasia,Nigeria,1,1,1,531
P-89133,Hassan Nader,Morocco,1,1,1,531
P-72529,José Velásquez,Peru,1,1,1,531
P-74113,János Farkas,Hungary,1,1,1,531
P-88982,Gino Pariani,United States,1,1,1,531
P-72803,Georgi Asparuhov,Bulgaria,1,1,1,531
P-88928,Bamba Dieng,Senegal,1,1,1,531
P-72919,Ronald Koeman,Netherlands,1,1,1,531
P-73507,Sammy Baird,Scotland,1,1,1,531
P-88661,Diamantino,Portugal,1,1,1,531
P-73737,Ivan Hašek,Czechoslovakia,1,1,1,531
P-88653,Lajos Détári,Hungary,1,1,1,531
P-88433,Gavi,Spain,1,1,1,531
P-88346,Václav Mašek,Czechoslovakia,1,1,1,531
P-74065,Christophe Dugarry,France,1,1,1,531
P-89117,Valdomiro,Brazil,1,1,1,531
P-18830,Florent Malouda,France,1,1,1,531
P-18923,Andreas Christensen,Denmark,1,1,1,531
P-18941,Juan Cayasso,Costa Rica,1,1,1,531
P-19215,Jackie Mudie,Scotland,1,1,1,531
P-19309,Jong-boo Kim,South Korea,1,1,1,531
P-19453,Rafik Halliche,Algeria,1,1,1,531
P-19478,Miralem Pjanić,Bosnia and Herzegovina,1,1,1,531
P-19550,Roberto Challe,Peru,1,1,1,531
P-19743,John Harold Lozano,Colombia,1,1,1,531
P-20008,Valter Birsa,Slovenia,1,1,1,531
P-20306,Ermindo Onega,Argentina,1,1,1,531
P-20553,Josip Katalinski,Yugoslavia,1,1,1,531
P-20571,Yury Gazinsky,Russia,1,1,1,531
P-20645,Ludovico Avio,Argentina,1,1,1,531
P-20762,Yahya Golmohammadi,Iran,1,1,1,531
P-49428,Darío Rodríguez,Uruguay,1,1,1,531
P-23403,Txiki Begiristain,Spain,1,1,1,531
P-23371,Yuya Osako,Japan,1,1,1,531
P-22930,Thomas Meunier,Belgium,1,1,1,531
P-22778,Aleksandr Golovin,Russia,1,1,1,531
P-22393,Siyabonga Nomvethe,South Africa,1,1,1,531
P-22391,Charles Aránguiz,Chile,1,1,1,531
P-22338,Chun-soo Lee,South Korea,1,1,1,531
P-20827,Gaston Taument,Netherlands,1,1,1,531
P-22131,Horacio Casarín,Mexico,1,1,1,531
P-21832,Giovanni van Bronckhorst,Netherlands,1,1,1,531
P-21810,Peter Lorimer,Scotland,1,1,1,531
P-21738,Friaça,Brazil,1,1,1,531
P-21553,Raheem Sterling,England,1,1,1,531
P-21153,Jack Grealish,England,1,1,1,531
P-20880,Winston Parks,Costa Rica,1,1,1,531
P-20877,Leroy Fer,Netherlands,1,1,1,531
P-22209,Gary Breen,Republic of Ireland,1,1,1,531
P-17067,Germán Aceros,Colombia,1,1,1,531
P-17048,Mohammed Muntari,Qatar,1,1,1,531
P-16938,Toni Polster,Austria,1,1,1,531
P-16875,Francesco Graziani,Italy,1,1,1,531
P-16785,Mario Balotelli,Italy,1,1,1,531
P-16421,Robbie Earle,Jamaica,1,1,1,531
P-16313,Luboš Kubík,Czechoslovakia,1,1,1,531
P-18718,Yuri Gavrilov,Soviet Union,1,1,1,531
P-16067,Bernard Lacombe,France,1,1,1,531
P-15896,Adnan Januzaj,Belgium,1,1,1,531
P-15890,Janusz Kupcewicz,Poland,1,1,1,531
P-15848,Nacho,Spain,1,1,1,531
P-15763,Josef Gauchel,Germany,1,1,1,531
P-15674,Jude Bellingham,England,1,1,1,531
P-15472,Erol Keskin,Turkey,1,1,1,531
P-15268,Joaquín Peiró,Spain,1,1,1,531
P-16126,Vasyl Rats,Soviet Union,1,1,1,531
P-18615,Constantin Stanciu,Romania,1,1,1,531
P-18599,Philipp Lahm,Germany,1,1,1,531
P-18335,Peter Beardsley,England,1,1,1,531
P-18210,Enrique Vera,Paraguay,1,1,1,531
P-18106,Damien Duff,Republic of Ireland,1,1,1,531
P-18094,Nikola Žigić,Serbia and Montenegro,1,1,1,531
P-17931,João Félix,Portugal,1,1,1,531
P-17223,Mo Johnston,Scotland,1,1,1,531
P-17688,Frenkie de Jong,Netherlands,1,1,1,531
P-17662,Robert Koren,Slovenia,1,1,1,531
P-17566,Károly Csapó,Hungary,1,1,1,531
P-17534,Fulvio Nesti,Italy,1,1,1,531
P-17520,Thomas Linke,Germany,1,1,1,531
P-17413,Antonio Laing,Honduras,1,1,1,531
P-17348,Hiroaki Morishima,Japan,1,1,1,531
P-17293,Renato Zaccarelli,Italy,1,1,1,531
P-17872,Mário Fernandes,Russia,1,1,1,531
P-30651,Sinha,Mexico,1,1,1,531
P-30405,Carlos Soler,Spain,1,1,1,531
P-30363,Gilberto,Brazil,1,1,1,531
P-30252,Timothy Weah,United States,1,1,1,531
P-30206,Daizen Maeda,Japan,1,1,1,531
P-30161,Yousuf Al-Thunayan,Saudi Arabia,1,1,1,531
P-30100,Daniel Fonseca,Uruguay,1,1,1,531
P-23450,Steve Sumner,New Zealand,1,1,1,531
P-29556,Vladislav Bogićević,Yugoslavia,1,1,1,531
P-29172,Filippo Inzaghi,Italy,1,1,1,531
P-29117,Paolo Guerrero,Peru,1,1,1,531
P-28977,Stéphane Chapuisat,Switzerland,1,1,1,531
P-28958,Silviu Bindea,Romania,1,1,1,531
P-28597,Mauricio Pineda,Argentina,1,1,1,531
P-28521,Ivica Vastić,Austria,1,1,1,531
P-28404,Liédson,Portugal,1,1,1,531
P-29601,Júnior,Brazil,1,1,1,531
P-32136,Bernd Schneider,Germany,1,1,1,531
P-32063,Alfredo del Águila,Mexico,1,1,1,531
P-31976,Salomon Kalou,Ivory Coast,1,1,1,531
P-31841,Antonio Rada,Colombia,1,1,1,531
P-31839,Edin Džeko,Bosnia and Herzegovina,1,1,1,531
P-31830,Ruud Krol,Netherlands,1,1,1,531
P-31665,Atilio López,Paraguay,1,1,1,531
P-30818,Rudolf Noack,Germany,1,1,1,531
P-31161,Pedro Monzón,Argentina,1,1,1,531
P-31160,Siphiwe Tshabalala,South Africa,1,1,1,531
P-31072,Daniele Massaro,Italy,1,1,1,531
P-31066,Roberto Gayón,Mexico,1,1,1,531
P-30993,Ludwig Augustinsson,Sweden,1,1,1,531
P-30977,Pedro Troglio,Argentina,1,1,1,531
P-30957,Rubén Ayala,Argentina,1,1,1,531
P-30845,Andreas Samaris,Greece,1,1,1,531
P-31643,Marko Livaja,Croatia,1,1,1,531
P-25619,Rolf Wüthrich,Switzerland,1,1,1,531
P-25600,Silvestre Varela,Portugal,1,1,1,531
P-25337,René van de Kerkhof,Netherlands,1,1,1,531
P-25319,Dennis Wilshaw,England,1,1,1,531
P-24983,Yacine Brahimi,Algeria,1,1,1,531
P-24978,Yeltsin Tejeda,Costa Rica,1,1,1,531
P-24705,Hirving Lozano,Mexico,1,1,1,531
P-27945,Josef Zeman,Czechoslovakia,1,1,1,531
P-24553,Enrique Saura,Spain,1,1,1,531
P-24259,Zdravko Rajkov,Yugoslavia,1,1,1,531
P-23925,Manuel Akanji,Switzerland,1,1,1,531
P-23897,Mario Evaristo,Argentina,1,1,1,531
P-23830,József Tóth,Hungary,1,1,1,531
P-23774,M'Baye Niang,Senegal,1,1,1,531
P-23639,César Cueto,Peru,1,1,1,531
P-23633,Emil Kostadinov,Bulgaria,1,1,1,531
P-24703,Daniel Veyt,Belgium,1,1,1,531
P-27744,Sergej Milinković-Savić,Serbia,1,1,1,531
P-27460,Andriy Bal,Soviet Union,1,1,1,531
P-27315,Marc Berdoll,France,1,1,1,531
P-27280,Famara Diédhiou,Senegal,1,1,1,531
P-27040,Jürgen Sparwasser,East Germany,1,1,1,531
P-26942,Mislav Oršić,Croatia,1,1,1,531
P-26900,Victor Moses,Nigeria,1,1,1,531
P-25715,Victor Ikpeba,Nigeria,1,1,1,531
P-26437,Georges Bregy,Switzerland,1,1,1,531
P-26414,Robert Jarni,Croatia,1,1,1,531
P-26401,Franky Vercauteren,Belgium,1,1,1,531
P-26316,Hugo Sánchez,Mexico,1,1,1,531
P-26214,Branko Oblak,Yugoslavia,1,1,1,531
P-26068,Romain Saïss,Morocco,1,1,1,531
P-25937,Kieran Trippier,England,1,1,1,531
P-25829,Carlos Alberto,Brazil,1,1,1,531
P-26664,Henri Coppens,Belgium,1,1,1,531
P-03578,Johnny Haynes,England,1,1,1,531
P-03719,Maxime Bossis,France,1,1,1,531
P-03775,Antonio Cabrini,Italy,1,1,1,531
P-03894,Adelardo,Spain,1,1,1,531
P-03927,Marcin Żewłakow,Poland,1,1,1,531
P-03942,Bryan Roy,Netherlands,1,1,1,531
P-04188,Siniša Mihajlović,Yugoslavia,1,1,1,531
P-04210,Mohamed Kader,Togo,1,1,1,531
P-04241,Stanislaus Kobierski,Germany,1,1,1,531
P-04354,Gérson,Brazil,1,1,1,531
P-04447,Mustafa Ertan,Turkey,1,1,1,531
P-04686,Emil Forsberg,Sweden,1,1,1,531
P-04731,Dmitri Sychev,Russia,1,1,1,531
P-04964,Blaise Matuidi,France,1,1,1,531
P-05164,Lucas Paquetá,Brazil,1,1,1,531
P-15241,Todor Kolev,Bulgaria,1,1,1,531
P-06520,Dinko Dermendzhiev,Bulgaria,1,1,1,531
P-06424,Jim Brown,United States,1,1,1,531
P-06201,Luis Vargas Peña,Paraguay,1,1,1,531
P-06117,Eric Maxim Choupo-Moting,Cameroon,1,1,1,531
P-06095,Gérard Soler,France,1,1,1,531
P-05885,Andrei Zygmantovich,Soviet Union,1,1,1,531
P-05783,Saša Ilić,Serbia and Montenegro,1,1,1,531
P-05210,Vasilis Torosidis,Greece,1,1,1,531
P-05719,Karl Zischek,Austria,1,1,1,531
P-05631,Isidoro Díaz,Mexico,1,1,1,531
P-05609,Karl Sesta,Austria,1,1,1,531
P-05562,Sergey Rodionov,Soviet Union,1,1,1,531
P-05470,Lucien Laurent,France,1,1,1,531
P-05304,Ricardo Horta,Portugal,1,1,1,531
P-05262,András Tóth,Hungary,1,1,1,531
P-05248,Gérard Hausser,France,1,1,1,531
P-05723,Leo Clijsters,Belgium,1,1,1,531
P-02091,Knut Kroon,Sweden,1,1,1,531
P-01864,Ernő Solymosi,Hungary,1,1,1,531
P-01454,Yun-nam Ji,North Korea,1,1,1,531
P-01249,Rio Ferdinand,England,1,1,1,531
P-99987,Milan Luhový,Czechoslovakia,1,1,1,531
P-99967,Wayne Rooney,England,1,1,1,531
P-99813,Chang-sun Park,South Korea,1,1,1,531
P-03571,Juanito,Spain,1,1,1,531
P-99710,Víctor Espárrago,Uruguay,1,1,1,531
P-99537,Andrea Pirlo,Italy,1,1,1,531
P-99521,Teboho Mokoena,South Africa,1,1,1,531
P-99499,Georges Grün,Belgium,1,1,1,531
P-99473,Fabio Grosso,Italy,1,1,1,531
P-99436,Maneca,Brazil,1,1,1,531
P-00105,Matt Holland,Republic of Ireland,1,1,1,531
P-00042,Miloš Milutinović,Yugoslavia,1,1,1,531
P-99732,Håvard Flo,Norway,1,1,1,531
P-03545,Enrique Guaita,Italy,1,1,1,531
P-03499,Hendrik Isemborghs,Belgium,1,1,1,531
P-03447,Johan Walem,Belgium,1,1,1,531
P-03442,Tore André Flo,Norway,1,1,1,531
P-03441,Aleksei Mamykin,Soviet Union,1,1,1,531
P-03128,Iván Kaviedes,Ecuador,1,1,1,531
P-03026,Marco Bode,Germany,1,1,1,531
P-02273,Hernán Medford,Costa Rica,1,1,1,531
P-02977,Peter Van der Heyden,Belgium,1,1,1,531
P-02909,Sohrab Bakhtiarizadeh,Iran,1,1,1,531
P-02465,Harry Maguire,England,1,1,1,531
P-02423,Quinton Fortune,South Africa,1,1,1,531
P-02403,Emerich Dembrovschi,Romania,1,1,1,531
P-02360,Tijani Babangida,Nigeria,1,1,1,531
P-02305,Casemiro,Brazil,1,1,1,531
P-02281,Émile Veinante,France,1,1,1,531
P-03013,Ruud van Nistelrooy,Netherlands,1,1,1,531
P-12666,Pedro Pasculli,Argentina,1,1,1,531
P-12472,David Narey,Scotland,1,1,1,531
P-12183,Sándor Zombori,Hungary,1,1,1,531
P-12167,David Trezeguet,France,1,1,1,531
P-12165,Sofiane Feghouli,Algeria,1,1,1,531
P-11879,Dylan Bronn,Tunisia,1,1,1,531
P-11865,Matthias Sindelar,Austria,1,1,1,531
P-06608,Chu-young Park,South Korea,1,1,1,531
P-11520,Jenő Vincze,Hungary,1,1,1,531
P-11436,Sokratis Papastathopoulos,Greece,1,1,1,531
P-11307,Marco Ureña,Costa Rica,1,1,1,531
P-11241,Wim Kieft,Netherlands,1,1,1,531
P-11099,Wolfgang Weber,West Germany,1,1,1,531
P-11075,Álvaro Pereira,Uruguay,1,1,1,531
P-11019,Ernesto Belis,Argentina,1,1,1,531
P-10906,Oleh Protasov,Soviet Union,1,1,1,531
P-11737,Christian Pulisic,United States,1,1,1,531
P-15199,Khalid Boutaïb,Morocco,1,1,1,531
P-15134,Keiji Tamada,Japan,1,1,1,531
P-14962,Georgi Sokolov,Bulgaria,1,1,1,531
P-14923,Clodoaldo,Brazil,1,1,1,531
P-14709,Bruno Mora,Italy,1,1,1,531
P-14657,George Robledo,Chile,1,1,1,531
P-14428,Hugo Almeida,Portugal,1,1,1,531
P-12687,John Charles,Wales,1,1,1,531
P-14074,Héctor Facundo,Argentina,1,1,1,531
P-13602,José Luis González,Mexico,1,1,1,531
P-13514,Khoren Hovhannisyan,Soviet Union,1,1,1,531
P-13470,František Svoboda,Czechoslovakia,1,1,1,531
P-13166,Georges Verriest,France,1,1,1,531
P-13150,Alain Couriol,France,1,1,1,531
P-12950,Edinho,Brazil,1,1,1,531
P-12917,Albert Brülls,West Germany,1,1,1,531
P-14290,Harry Kewell,Australia,1,1,1,531
P-08442,Yussuf Poulsen,Denmark,1,1,1,531
P-08307,Emile Heskey,England,1,1,1,531
P-08169,Jordan Henderson,England,1,1,1,531
P-07870,Moussa Sissoko,France,1,1,1,531
P-07679,Márcio Santos,Brazil,1,1,1,531
P-07544,Marino Klinger,Colombia,1,1,1,531
P-07453,Josip Drmić,Switzerland,1,1,1,531
P-10770,Héctor Zelaya,Honduras,1,1,1,531
P-07368,Andriy Rusol,Ukraine,1,1,1,531
P-07284,Andreas Ogris,Austria,1,1,1,531
P-07282,Jimmy Murray,Scotland,1,1,1,531
P-07180,Haris Seferovic,Switzerland,1,1,1,531
P-07031,Abel Balbo,Argentina,1,1,1,531
P-07024,Arne Brustad,Norway,1,1,1,531
P-06745,Márton Esterházy,Hungary,1,1,1,531
P-06678,Daniel Sturridge,England,1,1,1,531
P-07371,Marko Pantelić,Serbia,1,1,1,531
P-10739,Enzo Fernández,Argentina,1,1,1,531
P-10713,Cacau,Germany,1,1,1,531
P-10501,Phil Foden,England,1,1,1,531
P-10223,Jaime Belmonte,Mexico,1,1,1,531
P-10221,Ola Toivonen,Sweden,1,1,1,531
P-10172,Jan Bednarek,Poland,1,1,1,531
P-10072,Jermaine Jones,United States,1,1,1,531
P-08451,Yvon Douis,France,1,1,1,531
P-09978,Erwin Sánchez,Bolivia,1,1,1,531
P-09867,Théo Hernandez,France,1,1,1,531
P-09728,Stephen Appiah,Ghana,1,1,1,531
P-09400,Marco Asensio,Spain,1,1,1,531
P-09349,Hidetoshi Nakata,Japan,1,1,1,531
P-09278,Mohammed Chaouch,Morocco,1,1,1,531
P-09270,Edmílson,Brazil,1,1,1,531
P-08896,İlkay Gündoğan,Germany,1,1,1,531
P-10069,Ali Kaabi,Tunisia,1,1,1,531
P-49470,Stuart McCall,Scotland,1,1,1,531
P-49482,Henry Martín,Mexico,1,1,1,531
P-49502,Lothar Matthäus,Germany,1,1,1,531
P-49600,Carlos Valderrama,Colombia,1,1,1,531
P-49806,Luis Chávez,Mexico,1,1,1,531
P-49869,Ermes Muccinelli,Italy,1,1,1,531
P-49997,Renato Augusto,Brazil,1,1,1,531
P-50021,Manuel Sanchís,Spain,1,1,1,531
P-50104,Christian Eriksen,Denmark,1,1,1,531
P-50142,Mohammed Salisu,Ghana,1,1,1,531
P-50162,Juan Mujica,Uruguay,1,1,1,531
P-50194,Steve Wooddin,New Zealand,1,1,1,531
P-50326,Marcell Jansen,Germany,1,1,1,531
P-50489,Alexandru Neagu,Romania,1,1,1,531
P-50918,Alfred Bickel,Switzerland,1,1,1,531
P-32148,Francisco Zuluaga,Colombia,1,1,1,531
P-53183,José Luis Lamadrid,Mexico,1,1,1,531
P-52989,Conny Torstensson,Sweden,1,1,1,531
P-52978,Allan Clarke,England,1,1,1,531
P-52902,Pablo Bengoechea,Uruguay,1,1,1,531
P-52418,Isco,Spain,1,1,1,531
P-52013,Achraf Dari,Morocco,1,1,1,531
P-52002,Djalma Santos,Brazil,1,1,1,531
P-50931,Rajko Mitić,Yugoslavia,1,1,1,531
P-51668,Josef Bican,Austria,1,1,1,531
P-51629,Niall Quinn,Republic of Ireland,1,1,1,531
P-51579,Admir Mehmedi,Switzerland,1,1,1,531
P-51494,József Varga,Hungary,1,1,1,531
P-51458,Haminu Draman,Ghana,1,1,1,531
P-51440,Juanito,Spain,1,1,1,531
P-51349,Soon-ho Choi,South Korea,1,1,1,531
P-51089,Carles Puyol,Spain,1,1,1,531
P-51869,Luc Nilis,Belgium,1,1,1,531
P-47137,Ramin Rezaeian,Iran,1,1,1,531
P-46913,Takuma Asano,Japan,1,1,1,531
P-46897,Andi Herzog,Austria,1,1,1,531
P-46624,José Sanfilippo,Argentina,1,1,1,531
P-46604,Gordon Strachan,Scotland,1,1,1,531
P-46497,Emre Belözoğlu,Turkey,1,1,1,531
P-46461,Bruno Petković,Croatia,1,1,1,531
P-49203,Abdullah Al-Buloushi,Kuwait,1,1,1,531
P-46358,Alphonso Davies,Canada,1,1,1,531
P-46047,Ricardo Pavoni,Uruguay,1,1,1,531
P-45916,Edgar Davids,Netherlands,1,1,1,531
P-45896,Mustapha Hadji,Morocco,1,1,1,531
P-45774,Rabah Madjer,Algeria,1,1,1,531
P-45490,Carsten Jancker,Germany,1,1,1,531
P-45469,Asparuh Nikodimov,Bulgaria,1,1,1,531
P-45449,Grzegorz Krychowiak,Poland,1,1,1,531
P-46434,Ilija Petković,Yugoslavia,1,1,1,531
P-48761,Richard Morales,Uruguay,1,1,1,531
P-48733,Jürgen Grabowski,West Germany,1,1,1,531
P-48712,Willy van de Kerkhof,Netherlands,1,1,1,531
P-48645,Alberto Gilardino,Italy,1,1,1,531
P-48295,Zakaria Aboukhlal,Morocco,1,1,1,531
P-48249,Valeri Karpin,Russia,1,1,1,531
P-48111,Dick Nanninga,Netherlands,1,1,1,531
P-47145,Radivoje Ognjanović,Yugoslavia,1,1,1,531
P-47998,Josip Skoblar,Yugoslavia,1,1,1,531
P-47974,Joël Matip,Cameroon,1,1,1,531
P-47892,Pedro Rocha,Uruguay,1,1,1,531
P-47597,Juan Mata,Spain,1,1,1,531
P-47456,Sergei Baltacha,Soviet Union,1,1,1,531
P-47440,Ja-cheol Koo,South Korea,1,1,1,531
P-47384,József Bencsics,Hungary,1,1,1,531
P-47321,Kalidou Koulibaly,Senegal,1,1,1,531
P-48001,Javier Fragoso,Mexico,1,1,1,531
P-58423,Pirri,Spain,1,1,1,531
P-58420,Joško Gvardiol,Croatia,1,1,1,531
P-58388,Kaká,Brazil,1,1,1,531
P-58348,Georgios Samaras,Greece,1,1,1,531
P-58241,Richard Herrmann,West Germany,1,1,1,531
P-58212,Hakan Şükür,Turkey,1,1,1,531
P-58205,Willy Jäggi,Switzerland,1,1,1,531
P-53197,Pierre Njanka,Cameroon,1,1,1,531
P-57739,Alfred Pfaff,West Germany,1,1,1,531
P-57631,Nuno Gomes,Portugal,1,1,1,531
P-57624,Martin Hoffmann,East Germany,1,1,1,531
P-57411,Moussa Wagué,Senegal,1,1,1,531
P-57401,Adrien Rabiot,France,1,1,1,531
P-57058,Winston Reid,New Zealand,1,1,1,531
P-56969,Mutiu Adepoju,Nigeria,1,1,1,531
P-56818,Alain Sutter,Switzerland,1,1,1,531
P-57837,Juan Manuel Asensi,Spain,1,1,1,531
P-60456,Johnny Ekström,Sweden,1,1,1,531
P-60225,António Simões,Portugal,1,1,1,531
P-60203,Claudio López,Argentina,1,1,1,531
P-60022,Uwe Bein,West Germany,1,1,1,531
P-59912,Róger Flores,Costa Rica,1,1,1,531
P-59890,Dan Eggen,Norway,1,1,1,531
P-59774,Lakhdar Belloumi,Algeria,1,1,1,531
P-58640,Pietro Ferraris,Italy,1,1,1,531
P-59295,Bror Mellberg,Sweden,1,1,1,531
P-59276,Joe Maca,United States,1,1,1,531
P-59059,Seung-kook Yang,North Korea,1,1,1,531
P-59039,John Aloisi,Australia,1,1,1,531
P-58983,Jiří Sobotka,Czechoslovakia,1,1,1,531
P-58711,Skander Souayah,Tunisia,1,1,1,531
P-58692,Hee-chan Hwang,South Korea,1,1,1,531
P-58656,Iuliu Baratky,Romania,1,1,1,531
P-59303,Jean-Charles Castelletto,Cameroon,1,1,1,531
P-55225,Horst Szymaniak,West Germany,1,1,1,531
P-54948,Nikita Simonyan,Soviet Union,1,1,1,531
P-54517,Aurélien Tchouaméni,France,1,1,1,531
P-54287,Finidi George,Nigeria,1,1,1,531
P-54138,Genki Haraguchi,Japan,1,1,1,531
P-54098,Alberto Tarantini,Argentina,1,1,1,531
P-54040,Marius Trésor,France,1,1,1,531
P-56780,Ali Thani Jumaa,United Arab Emirates,1,1,1,531
P-53978,Josef Košťálek,Czechoslovakia,1,1,1,531
P-53957,Karim Ansarifard,Iran,1,1,1,531
P-53740,Vilmos Kohut,Hungary,1,1,1,531
P-53716,Javier Zanetti,Argentina,1,1,1,531
P-53638,Josep Maria Fusté,Spain,1,1,1,531
P-53466,Wilhelm Hahnemann,Germany,1,1,1,531
P-53400,Jozef Štibrányi,Czechoslovakia,1,1,1,531
P-53238,Otto Siffling,Germany,1,1,1,531
P-54013,Paulinho,Brazil,1,1,1,531
P-56735,Bixente Lizarazu,France,1,1,1,531
P-56626,Ki-hyeon Seol,South Korea,1,1,1,531
P-56613,Mauricio Wright,Costa Rica,1,1,1,531
P-56553,Serhii Rebrov,Ukraine,1,1,1,531
P-56543,Lucas Radebe,South Africa,1,1,1,531
P-56515,Milan Jovanović,Serbia,1,1,1,531
P-56491,Gustavo Moscoso,Chile,1,1,1,531
P-55272,Vojislav Melić,Yugoslavia,1,1,1,531
P-56223,José Magriñá,Cuba,1,1,1,531
P-56094,Steve Archibald,Scotland,1,1,1,531
P-55734,Enrique Borja,Mexico,1,1,1,531
P-55659,Franck Ribéry,France,1,1,1,531
P-55581,Romaric,Ivory Coast,1,1,1,531
P-55392,Leen Vente,Netherlands,1,1,1,531
P-55350,Seok-ju Ha,South Korea,1,1,1,531
P-55293,Milan Rapaić,Croatia,1,1,1,531
P-56453,Andrés Prieto,Chile,1,1,1,531
P-37361,Tom Florie,United States,1,1,1,531
P-37326,Francisco Varallo,Argentina,1,1,1,531
P-37308,Saleh Al-Shehri,Saudi Arabia,1,1,1,531
P-37161,Gaizka Mendieta,Spain,1,1,1,531
P-37140,Beto,Portugal,1,1,1,531
P-36975,Wilbur Cush,Northern Ireland,1,1,1,531
P-36964,Shinji Kagawa,Japan,1,1,1,531
P-45404,Jiří Feureisl,Czechoslovakia,1,1,1,531
P-36858,Héctor Ortiz,Mexico,1,1,1,531
P-36808,Eduardo Vargas,Chile,1,1,1,531
P-36582,Enzo Francescoli,Uruguay,1,1,1,531
P-36239,Ernesto Vidal,Uruguay,1,1,1,531
P-35837,Mathew Leckie,Australia,1,1,1,531
P-35602,Bernd Hölzenbein,West Germany,1,1,1,531
P-35574,Mark González,Chile,1,1,1,531
P-35342,Ángel Cabrera,Uruguay,1,1,1,531
P-36867,Hassan Roshan,Iran,1,1,1,531
P-39267,Fahad Al-Ghesheyan,Saudi Arabia,1,1,1,531
P-39078,Katlego Mphela,South Africa,1,1,1,531
P-38901,Javier Saviola,Argentina,1,1,1,531
P-38862,Nicklas Bendtner,Denmark,1,1,1,531
P-38682,Carlo Costly,Honduras,1,1,1,531
P-38074,Clint Mathis,United States,1,1,1,531
P-37984,Kendall Waston,Costa Rica,1,1,1,531
P-37569,Frank Wallace,United States,1,1,1,531
P-37935,Ismaïla Sarr,Senegal,1,1,1,531
P-37933,Joe Cole,England,1,1,1,531
P-37877,Roberto Firmino,Brazil,1,1,1,531
P-37848,Claudio Marchisio,Italy,1,1,1,531
P-37735,Juninho Pernambucano,Brazil,1,1,1,531
P-37610,Josef Masopust,Czechoslovakia,1,1,1,531
P-37600,Ahmed Radhi,Iraq,1,1,1,531
P-37575,Ove Grahn,Sweden,1,1,1,531
P-37963,Andreas Möller,Germany,1,1,1,531
P-33095,Lennart Skoglund,Sweden,1,1,1,531
P-33059,Aleksandar Kolarov,Serbia,1,1,1,531
P-32967,Karl Koller,Austria,1,1,1,531
P-32950,Marcos Coll,Colombia,1,1,1,531
P-32922,Abdelkrim Merry,Morocco,1,1,1,531
P-32830,Ruud Gullit,Netherlands,1,1,1,531
P-32771,Grégoire M'Bida,Cameroon,1,1,1,531
P-35264,Torsten Frings,Germany,1,1,1,531
P-32599,Paik Seung-ho,South Korea,1,1,1,531
P-32542,René Girard,France,1,1,1,531
P-32508,Gabriel Mercado,Argentina,1,1,1,531
P-32446,Lothar Emmerich,West Germany,1,1,1,531
P-32442,Carlo Galli,Italy,1,1,1,531
P-32414,Juan Antonio Señor,Spain,1,1,1,531
P-32265,Pietro Anastasi,Italy,1,1,1,531
P-32165,Piotr Zieliński,Poland,1,1,1,531
P-32712,Mokhtar Dhouib,Tunisia,1,1,1,531
P-35253,Aldo Serena,Italy,1,1,1,531
P-35118,Avdija Vršajević,Bosnia and Herzegovina,1,1,1,531
P-35019,Salif Diao,Senegal,1,1,1,531
P-34957,Celso Ayala,Paraguay,1,1,1,531
P-34767,Boudewijn Zenden,Netherlands,1,1,1,531
P-34530,Roque Santa Cruz,Paraguay,1,1,1,531
P-34497,Ivan Yaremchuk,Soviet Union,1,1,1,531
P-33189,Kakhi Asatiani,Soviet Union,1,1,1,531
P-34039,Sergio Ahumada,Chile,1,1,1,531
P-33834,Marc Overmars,Netherlands,1,1,1,531
P-33698,Bernhard Klodt,West Germany,1,1,1,531
P-33622,Boulaye Dia,Senegal,1,1,1,531
P-33410,Faisal Al-Dakhil,Kuwait,1,1,1,531
P-33365,Carlos Babington,Argentina,1,1,1,531
P-33328,Pavel Yakovenko,Soviet Union,1,1,1,531
P-33312,Dirk Kuyt,Netherlands,1,1,1,531
P-34354,Lázár Szentes,Hungary,1,1,1,531
P-43481,Arne Friedrich,Germany,1,1,1,531
P-43380,Karl-Heinz Riedle,Germany,1,1,1,531
P-43349,Aleksandar Tirnanić,Yugoslavia,1,1,1,531
P-43188,Theo de Jong,Netherlands,1,1,1,531
P-43037,Reinhold Hintermaier,Austria,1,1,1,531
P-42991,Hermán Gaviria,Colombia,1,1,1,531
P-42890,Jermain Defoe,England,1,1,1,531
P-39297,Michel De Wolf,Belgium,1,1,1,531
P-42808,Niclas Alexandersson,Sweden,1,1,1,531
P-42669,Pál Teleki,Hungary,1,1,1,531
P-42659,Luigi Di Biagio,Italy,1,1,1,531
P-42603,John Aldridge,Republic of Ireland,1,1,1,531
P-42555,René-Pierre Quentin,Switzerland,1,1,1,531
P-42540,Tarcisio Burgnich,Italy,1,1,1,531
P-42534,Édison Méndez,Ecuador,1,1,1,531
P-42532,Dmitri Radchenko,Russia,1,1,1,531
P-42885,Djamel Zidane,Algeria,1,1,1,531
P-45281,Dong-woon Li,North Korea,1,1,1,531
P-45212,Marcus Allbäck,Sweden,1,1,1,531
P-45203,Benito Lorenzi,Italy,1,1,1,531
P-44943,Milenko Ačimovič,Slovenia,1,1,1,531
P-44934,Yaya Touré,Ivory Coast,1,1,1,531
P-44916,Alejandro Scopelli,Argentina,1,1,1,531
P-44798,Anatoliy Banishevskiy,Soviet Union,1,1,1,531
P-43560,David Embé,Cameroon,1,1,1,531
P-44349,Franco Causio,Italy,1,1,1,531
P-44313,Bernhard Cullmann,West Germany,1,1,1,531
P-44201,Héctor Scarone,Uruguay,1,1,1,531
P-44016,Emmanuel Kundé,Cameroon,1,1,1,531
P-44010,Luis Souza Ferreira,Peru,1,1,1,531
P-43905,Juan Carlos Letelier,Chile,1,1,1,531
P-43723,Vedad Ibišević,Bosnia and Herzegovina,1,1,1,531
P-43672,Vladimir Petrović,Yugoslavia,1,1,1,531
P-44463,Ante Rebić,Croatia,1,1,1,531
P-40743,Uwe Reinders,West Germany,1,1,1,531
P-40684,Andrzej Buncol,Poland,1,1,1,531
P-40627,Marcelino Bernal,Mexico,1,1,1,531
P-40570,Darren Anderton,England,1,1,1,531
P-40429,Ildo Maneiro,Uruguay,1,1,1,531
P-40368,Kamil Kopúnek,Slovakia,1,1,1,531
P-40352,Dani,Spain,1,1,1,531
P-42326,Raphaël Varane,France,1,1,1,531
P-40108,Miguel Ángel Benítez,Paraguay,1,1,1,531
P-40007,Dani Olmo,Spain,1,1,1,531
P-39840,Rodrigo Millar,Chile,1,1,1,531
P-39810,Martín Demichelis,Argentina,1,1,1,531
P-39646,John Collins,Scotland,1,1,1,531
P-39610,André Carrillo,Peru,1,1,1,531
P-39545,Zé Roberto,Brazil,1,1,1,531
P-39420,Héctor De Bourgoing,France,1,1,1,531
P-40312,Andrés Guardado,Mexico,1,1,1,531
P-42249,Aron Winter,Netherlands,1,1,1,531
P-42227,Gianluca Zambrotta,Italy,1,1,1,531
P-42136,Guillermo La Rosa,Peru,1,1,1,531
P-42078,Davy Klaassen,Netherlands,1,1,1,531
P-42038,Francesco Totti,Italy,1,1,1,531
P-42012,József Tóth,Hungary,1,1,1,531
P-41944,Maxi Pereira,Uruguay,1,1,1,531
P-40752,Luis Regueiro,Spain,1,1,1,531
P-41790,Sunday Oliseh,Nigeria,1,1,1,531
P-41758,Fernandinho,Brazil,1,1,1,531
P-41428,Saeed Al-Owairan,Saudi Arabia,1,1,1,531
P-41262,John Brooks,United States,1,1,1,531
P-41152,Matthew Upson,England,1,1,1,531
P-41102,Rainer Bonhof,West Germany,1,1,1,531
P-41084,Eugène Ekéké,Cameroon,1,1,1,531
P-40793,Daniel Borimirov,Bulgaria,1,1,1,531
P-41807,Luis Ramírez Zapata,El Salvador,1,1,1,531
